pitcher,team,games,runs_allowed,scoreless_first,scoreless_percentage,avg_runs_allowed
Kyle Freeland,Rockies,21,22,9,42.857142857142854,1.0476190476190477
Ryan Pepiot,Rays,24,9,18,75.0,0.375
Charlie Morton,Tigers,18,11,13,72.22222222222221,0.6111111111111112
Kevin Gausman,Blue Jays,23,7,18,78.26086956521739,0.30434782608695654
Mitch Keller,Pirates,23,8,17,73.91304347826086,0.34782608695652173
Connor Gillispie,Marlins,6,11,2,33.33333333333333,1.8333333333333333
Tanner Houck,Red Sox,9,0,9,100.0,0.0
Jack Leiter,Rangers,20,6,16,80.0,0.3
Tylor Megill,Mets,14,12,10,71.42857142857143,0.8571428571428571
Hunter Brown,Astros,22,7,18,81.81818181818183,0.3181818181818182
Jameson Taillon,Cubs,17,2,15,88.23529411764706,0.11764705882352941
Merrill Kelly,Rangers,23,16,14,60.86956521739131,0.6956521739130435
Jeffrey Springs,Athletics,22,13,15,68.18181818181817,0.5909090909090909
Luis Castillo,Mariners,23,0,23,100.0,0.0
Reynaldo López,Braves,1,1,0,0.0,1.0
Dylan Cease,Padres,23,11,18,78.26086956521739,0.4782608695652174
Jack Flaherty,Tigers,23,12,17,73.91304347826086,0.5217391304347826
Yoshinobu Yamamoto,Dodgers,21,14,14,66.66666666666666,0.6666666666666666
Nestor Cortes,Padres,3,5,1,33.33333333333333,1.6666666666666667
Max Fried,Yankees,23,6,19,82.6086956521739,0.2608695652173913
José Soriano,Angels,24,7,19,79.16666666666666,0.2916666666666667
Jonathan Cannon,White Sox,17,3,16,94.11764705882352,0.17647058823529413
Joe Ryan,Twins,21,4,18,85.71428571428571,0.19047619047619047
Erick Fedde,Braves,22,13,12,54.54545454545454,0.5909090909090909
Dean Kremer,Orioles,22,11,15,68.18181818181817,0.5
Max Scherzer,Blue Jays,8,6,5,62.5,0.75
Jesús Luzardo,Phillies,23,13,17,73.91304347826086,0.5652173913043478
Jake Irvin,Nationals,23,24,13,56.52173913043478,1.0434782608695652
Gavin Williams,Guardians,23,7,18,78.26086956521739,0.30434782608695654
Seth Lugo,Royals,21,6,18,85.71428571428571,0.2857142857142857
Justin Verlander,Giants,19,4,15,78.94736842105263,0.21052631578947367
Nick Lodolo,Reds,23,10,15,65.21739130434783,0.43478260869565216
Antonio Senzatela,Rockies,21,29,10,47.61904761904761,1.380952380952381
Zack Littell,Reds,23,6,18,78.26086956521739,0.2608695652173913
Bailey Falter,Royals,23,14,17,73.91304347826086,0.6086956521739131
Valente Bellozo,Marlins,5,1,4,80.0,0.2
Walker Buehler,Red Sox,19,2,18,94.73684210526315,0.10526315789473684
Tyler Mahle,Rangers,14,4,11,78.57142857142857,0.2857142857142857
Griffin Canning,Mets,16,5,13,81.25,0.3125
Spencer Arrighetti,Astros,3,3,2,66.66666666666666,1.0
Spencer Schwellenbach,Braves,17,8,11,64.70588235294117,0.47058823529411764
Randy Vásquez,Padres,22,6,18,81.81818181818183,0.2727272727272727
Shota Imanaga,Cubs,15,9,10,66.66666666666666,0.6
Brandon Pfaadt,D-backs,23,109,18,78.26086956521739,4.739130434782608
Reese Olson,Tigers,13,7,8,61.53846153846154,0.5384615384615384
Roki Sasaki,Dodgers,7,7,3,42.857142857142854,1.0
Osvaldo Bido,Athletics,9,7,5,55.55555555555556,0.7777777777777778
Bryce Miller,Mariners,10,1,9,90.0,0.1
Aaron Nola,Phillies,9,6,6,66.66666666666666,0.6666666666666666
Mitchell Parker,Nationals,23,19,15,65.21739130434783,0.8260869565217391
Aaron Civale,White Sox,13,5,10,76.92307692307693,0.38461538461538464
Marcus Stroman,Yankees,8,4,5,62.5,0.5
Tomoyuki Sugano,Orioles,21,14,14,66.66666666666666,0.6666666666666666
Chris Bassitt,Blue Jays,22,1,21,95.45454545454545,0.045454545454545456
Robbie Ray,Giants,23,7,19,82.6086956521739,0.30434782608695654
Nick Martinez,Reds,22,9,15,68.18181818181817,0.4090909090909091
Ryan Feltner,Rockies,6,3,4,66.66666666666666,0.5
Taj Bradley,Rays,21,17,11,52.38095238095239,0.8095238095238095
Andrew Heaney,Pirates,22,7,15,68.18181818181817,0.3181818181818182
Max Meyer,Marlins,12,5,7,58.333333333333336,0.4166666666666667
Tanner Bibee,Guardians,22,12,16,72.72727272727273,0.5454545454545454
Michael Wacha,Royals,23,1,22,95.65217391304348,0.043478260869565216
Jack Kochanowicz,Angels,21,12,16,76.19047619047619,0.5714285714285714
Davis Martin,White Sox,16,3,14,87.5,0.1875
Bailey Ober,Twins,18,7,11,61.111111111111114,0.3888888888888889
Andre Pallante,Cardinals,22,6,19,86.36363636363636,0.2727272727272727
Richard Fitts,Red Sox,11,6,10,90.9090909090909,0.5454545454545454
Jacob deGrom,Rangers,22,7,15,68.18181818181817,0.3181818181818182
Matthew Boyd,Cubs,22,6,18,81.81818181818183,0.2727272727272727
Eduardo Rodriguez,D-backs,20,12,12,60.0,0.6
JP Sears,Padres,23,3,21,91.30434782608695,0.13043478260869565
Bryan Woo,Mariners,22,11,16,72.72727272727273,0.5
AJ Smith-Shawver,Braves,9,5,5,55.55555555555556,0.5555555555555556
Nick Pivetta,Padres,22,8,17,77.27272727272727,0.36363636363636365
Chris Paddack,Tigers,22,16,14,63.63636363636363,0.7272727272727273
Martín Pérez,White Sox,4,0,4,100.0,0.0
Kris Bubic,Royals,20,9,15,75.0,0.45
Elvin Rodríguez,Brewers,2,4,0,0.0,2.0
Sean Newcomb,Red Sox,5,1,4,80.0,0.2
Cade Povich,Orioles,13,11,8,61.53846153846154,0.8461538461538461
Germán Márquez,Rockies,20,20,12,60.0,1.0
Cristopher Sánchez,Phillies,22,7,17,77.27272727272727,0.3181818181818182
Kumar Rocker,Rangers,14,10,9,64.28571428571429,0.7142857142857143
Brady Singer,Reds,24,12,18,75.0,0.5
David Peterson,Mets,22,4,19,86.36363636363636,0.18181818181818182
Cal Quantrill,Marlins,22,6,17,77.27272727272727,0.2727272727272727
Carmen Mlodzinski,Pirates,9,1,8,88.88888888888889,0.1111111111111111
Drew Rasmussen,Rays,22,10,16,72.72727272727273,0.45454545454545453
Michael Soroka,Cubs,17,5,14,82.35294117647058,0.29411764705882354
Bowden Francis,Blue Jays,14,6,13,92.85714285714286,0.42857142857142855
Tyler Anderson,Angels,23,17,12,52.17391304347826,0.7391304347826086
Miles Mikolas,Cardinals,22,14,15,68.18181818181817,0.6363636363636364
Jordan Hicks,Giants,9,12,3,33.33333333333333,1.3333333333333333
Ronel Blanco,Astros,9,6,7,77.77777777777779,0.6666666666666666
Luis L. Ortiz,Guardians,16,7,12,75.0,0.4375
Kyle Hart,Padres,6,7,3,50.0,1.1666666666666667
Jackson Jobe,Tigers,10,8,5,50.0,0.8
Emerson Hancock,Mariners,15,14,8,53.333333333333336,0.9333333333333333
Ben Brown,Cubs,15,14,9,60.0,0.9333333333333333
Joey Estes,Athletics,2,6,0,0.0,3.0
Grant Holmes,Braves,21,9,16,76.19047619047619,0.42857142857142855
Tyler Glasnow,Dodgers,10,2,9,90.0,0.2
Nathan Eovaldi,Rangers,18,4,15,83.33333333333334,0.2222222222222222
Carson Spiers,Reds,2,1,1,50.0,0.5
Kodai Senga,Mets,17,4,14,82.35294117647058,0.23529411764705882
Sandy Alcantara,Marlins,21,13,13,61.904761904761905,0.6190476190476191
Thomas Harrington,Pirates,1,3,0,0.0,3.0
Shane Baz,Rays,23,10,18,78.26086956521739,0.43478260869565216
Corbin Burnes,D-backs,11,2,10,90.9090909090909,0.18181818181818182
Will Warren,Yankees,24,14,19,79.16666666666666,0.5833333333333334
Trevor Williams,Nationals,17,12,12,70.58823529411765,0.7058823529411765
José Berríos,Blue Jays,23,3,21,91.30434782608695,0.13043478260869565
Simeon Woods Richardson,Twins,16,4,13,81.25,0.25
Shane Smith,White Sox,19,7,16,84.21052631578947,0.3684210526315789
Michael Lorenzen,Royals,18,1,17,94.44444444444444,0.05555555555555555
Chad Patrick,Brewers,18,5,14,77.77777777777779,0.2777777777777778
Kyle Hendricks,Angels,21,9,15,71.42857142857143,0.42857142857142855
Matthew Liberatore,Cardinals,21,8,16,76.19047619047619,0.38095238095238093
Logan Webb,Giants,23,8,18,78.26086956521739,0.34782608695652173
Hayden Wesneski,Astros,6,5,4,66.66666666666666,0.8333333333333334
Logan Allen,Guardians,22,11,16,72.72727272727273,0.5
Michael King,Padres,9,0,9,100.0,0.0
Casey Mize,Tigers,19,4,15,78.94736842105263,0.21052631578947367
Logan Gilbert,Mariners,15,7,10,66.66666666666666,0.4666666666666667
Justin Steele,Cubs,2,2,1,50.0,1.0
Luis Severino,Athletics,23,12,17,73.91304347826086,0.5217391304347826
Chris Sale,Braves,14,4,11,78.57142857142857,0.2857142857142857
Dustin May,Red Sox,19,14,12,63.1578947368421,0.7368421052631579
Hunter Greene,Reds,10,3,8,80.0,0.3
Paul Skenes,Pirates,23,0,23,100.0,0.0
Cole Ragans,Royals,9,3,6,66.66666666666666,0.3333333333333333
Freddy Peralta,Brewers,23,3,21,91.30434782608695,0.13043478260869565
Yusei Kikuchi,Angels,23,16,15,65.21739130434783,0.6956521739130435
Sonny Gray,Cardinals,22,14,16,72.72727272727273,0.6363636363636364
Pablo López,Twins,10,3,7,70.0,0.3
Sean Burke,White Sox,17,8,12,70.58823529411765,0.47058823529411764
MacKenzie Gore,Nationals,22,16,15,68.18181818181817,0.7272727272727273
Easton Lucas,Blue Jays,5,5,3,60.0,1.0
Ben Lively,Guardians,8,4,7,87.5,0.5
Tarik Skubal,Tigers,21,3,19,90.47619047619048,0.14285714285714285
Landen Roupp,Giants,20,7,15,75.0,0.35
Framber Valdez,Astros,21,7,15,71.42857142857143,0.3333333333333333
Clay Holmes,Mets,22,5,18,81.81818181818183,0.22727272727272727
Garrett Crochet,Red Sox,22,5,19,86.36363636363636,0.22727272727272727
Zach Eflin,Orioles,13,9,8,61.53846153846154,0.6923076923076923
Zack Wheeler,Phillies,21,3,18,85.71428571428571,0.14285714285714285
Zac Gallen,D-backs,22,11,15,68.18181818181817,0.5
Carlos Rodón,Yankees,23,10,18,78.26086956521739,0.43478260869565216
Bryce Elder,Braves,18,14,9,50.0,0.7777777777777778
Blake Snell,Dodgers,2,3,0,0.0,1.5
Taijuan Walker,Phillies,13,4,10,76.92307692307693,0.3076923076923077
Carlos Carrasco,Braves,8,0,8,100.0,0.0
Luis F. Castillo,Mariners,2,1,1,50.0,0.5
Tyler Alexander,White Sox,5,4,3,60.0,0.8
Hunter Dobbins,Red Sox,11,4,8,72.72727272727273,0.36363636363636365
Chase Dollander,Rockies,15,6,10,66.66666666666666,0.4
Justin Wrobleski,Dodgers,2,2,1,50.0,1.0
Brad Lord,Nationals,9,2,7,77.77777777777779,0.2222222222222222
Patrick Corbin,Rangers,21,5,17,80.95238095238095,0.23809523809523808
Landon Knack,Dodgers,7,5,5,71.42857142857143,0.7142857142857143
Quinn Priester,Brewers,16,7,10,62.5,0.4375
Edward Cabrera,Marlins,19,8,13,68.42105263157895,0.42105263157894735
David Festa,Twins,10,9,7,70.0,0.9
Jose Quintana,Brewers,17,5,12,70.58823529411765,0.29411764705882354
J.T. Ginn,Athletics,7,2,5,71.42857142857143,0.2857142857142857
Andrew Abbott,Reds,20,3,19,95.0,0.15
Ryan Gusto,Astros,14,10,9,64.28571428571429,0.7142857142857143
Joe Boyle,Rays,3,0,3,100.0,0.0
Colin Rea,Cubs,19,15,11,57.89473684210527,0.7894736842105263
Spencer Strider,Braves,15,9,11,73.33333333333333,0.6
Huascar Brazobán,Mets,3,0,3,100.0,0.0
Keider Montero,Tigers,9,1,8,88.88888888888889,0.1111111111111111
Steven Matz,Cardinals,2,1,1,50.0,0.5
Clarke Schmidt,Yankees,14,6,10,71.42857142857143,0.42857142857142855
Bobby Miller,Dodgers,1,1,0,0.0,1.0
Brandon Young,Orioles,9,4,6,66.66666666666666,0.4444444444444444
Justin Topa,Twins,1,1,0,0.0,1.0
Brent Suter,Reds,3,2,2,66.66666666666666,0.6666666666666666
Logan Henderson,Brewers,5,0,5,100.0,0.0
Brayan Bello,Red Sox,19,3,17,89.47368421052632,0.15789473684210525
Scott Blewett,Orioles,2,1,1,50.0,0.5
Ben Casparius,Dodgers,3,2,2,66.66666666666666,0.6666666666666666
Bryse Wilson,White Sox,4,2,2,50.0,0.5
Tobias Myers,Brewers,5,2,3,60.0,0.4
Tyler Gilbert,White Sox,3,1,2,66.66666666666666,0.3333333333333333
Doug Nikhazy,Guardians,1,0,1,100.0,0.0
Keegan Akin,Orioles,3,0,3,100.0,0.0
Bradley Blalock,Rockies,7,12,3,42.857142857142854,1.7142857142857142
Brandon Eisert,White Sox,3,0,3,100.0,0.0
Logan Evans,Mariners,13,5,10,76.92307692307693,0.38461538461538464
Kyle Gibson,Orioles,4,13,1,25.0,3.25
Jacob Lopez,Athletics,14,2,12,85.71428571428571,0.14285714285714285
Jack Dreyer,Dodgers,5,5,1,20.0,1.0
Chase Petty,Reds,2,3,1,50.0,1.5
AJ Blubaugh,Astros,1,0,1,100.0,0.0
Tony Gonsolin,Dodgers,7,7,4,57.14285714285714,1.0
Noah Cameron,Royals,15,3,13,86.66666666666667,0.2
Lucas Giolito,Red Sox,17,8,14,82.35294117647058,0.47058823529411764
Yariel Rodríguez,Blue Jays,1,0,1,100.0,0.0
Gunnar Hoglund,Athletics,6,1,5,83.33333333333334,0.16666666666666666
Ryan Yarbrough,Yankees,8,2,6,75.0,0.25
Blade Tidwell,Mets,2,0,2,100.0,0.0
Stephen Kolek,Padres,14,10,10,71.42857142857143,0.7142857142857143
Ranger Suárez,Phillies,17,1,16,94.11764705882352,0.058823529411764705
Ryne Nelson,D-backs,14,10,11,78.57142857142857,0.7142857142857143
José Ureña,Twins,3,2,2,66.66666666666666,0.6666666666666666
Tanner Gordon,Rockies,6,4,3,50.0,0.6666666666666666
Lance McCullers Jr.,Astros,10,104,6,60.0,10.4
Brad Keller,Cubs,1,0,1,100.0,0.0
Tyler Holton,Tigers,5,2,3,60.0,0.4
Chayce McDermott,Orioles,1,1,0,0.0,1.0
Ryan Weathers,Marlins,5,1,4,80.0,0.2
Colton Gordon,Astros,13,6,9,69.23076923076923,0.46153846153846156
Matt Sauer,Dodgers,1,1,0,0.0,1.0
Cade Horton,Cubs,14,6,10,71.42857142857143,0.42857142857142855
Carson Palmquist,Rockies,7,5,3,42.857142857142854,0.7142857142857143
Eric Lauer,Blue Jays,12,0,12,100.0,0.0
Slade Cecconi,Guardians,14,2,12,85.71428571428571,0.14285714285714285
Clayton Kershaw,Dodgers,13,7,8,61.53846153846154,0.5384615384615384
Mick Abel,Phillies,7,1,6,85.71428571428571,0.14285714285714285
Zebby Matthews,Twins,8,4,7,87.5,0.5
Rob Zastryzny,Brewers,1,0,1,100.0,0.0
Sean Guenther,Tigers,1,1,0,0.0,1.0
Brandon Walter,Astros,9,5,6,66.66666666666666,0.5555555555555556
Casey Legumina,Mariners,1,0,1,100.0,0.0
Adrian Houser,Rays,12,0,12,100.0,0.0
Hayden Birdsong,Giants,10,9,7,70.0,0.9
Brant Hurter,Tigers,4,4,3,75.0,1.0
Daniel Lynch IV,Royals,2,0,2,100.0,0.0
Mike Burrows,Pirates,13,6,10,76.92307692307693,0.46153846153846156
George Kirby,Mariners,14,7,10,71.42857142857143,0.5
Trevor Rogers,Orioles,10,0,10,100.0,0.0
Kyle Harrison,Giants,4,4,2,50.0,1.0
Sean Reynolds,Padres,1,0,1,100.0,0.0
Kolby Allard,Guardians,2,0,2,100.0,0.0
Paxton Schultz,Blue Jays,2,0,2,100.0,0.0
Jared Shuster,White Sox,2,4,1,50.0,2.0
DL Hall,Brewers,3,0,3,100.0,0.0
Drew Pomeranz,Cubs,3,2,2,66.66666666666666,0.6666666666666666
Braydon Fisher,Blue Jays,1,3,0,0.0,3.0
Paul Blackburn,Mets,4,3,3,75.0,0.75
Beau Brieske,Tigers,1,0,1,100.0,0.0
Ryan Bergert,Royals,8,0,8,100.0,0.0
Grant Holman,Athletics,2,0,2,100.0,0.0
Sawyer Gipson-Long,Tigers,2,0,2,100.0,0.0
Justin Sterner,Athletics,1,1,0,0.0,1.0
Mitch Spence,Athletics,7,5,5,71.42857142857143,0.7142857142857143
Joe Ross,Phillies,1,1,0,0.0,1.0
Ryan Rolison,Rockies,1,0,1,100.0,0.0
Anthony Veneziano,Marlins,1,0,1,100.0,0.0
Jacob Latz,Rangers,3,0,3,100.0,0.0
Mike Vasil,White Sox,3,0,3,100.0,0.0
Michael McGreevy,Cardinals,6,3,4,66.66666666666666,0.5
Wade Miley,Reds,2,0,2,100.0,0.0
Eury Pérez,Marlins,11,5,7,63.63636363636363,0.45454545454545453
Lou Trivino,Dodgers,2,1,1,50.0,0.5
Jacob Misiorowski,Brewers,7,4,5,71.42857142857143,0.5714285714285714
Shawn Armstrong,Rangers,2,3,0,0.0,1.5
Cade Gibson,Marlins,1,0,1,100.0,0.0
Austin Gomber,Rockies,9,4,5,55.55555555555556,0.4444444444444444
Sean Hjelle,Giants,1,1,0,0.0,1.0
Shohei Ohtani,Dodgers,8,3,5,62.5,0.375
Jason Alexander,Astros,4,0,4,100.0,0.0
Adam Mazur,Marlins,1,0,1,100.0,0.0
Emmet Sheehan,Dodgers,5,0,5,100.0,0.0
Grant Taylor,White Sox,2,2,1,50.0,1.0
Spencer Turnbull,Blue Jays,1,0,1,100.0,0.0
Didier Fuentes,Braves,4,7,2,50.0,1.75
Janson Junk,Marlins,9,3,7,77.77777777777779,0.3333333333333333
Danny Coulombe,Twins,1,1,0,0.0,1.0
Allan Winans,Yankees,1,0,1,100.0,0.0
Braxton Ashcraft,Pirates,1,0,1,100.0,0.0
Frankie Montas,Mets,7,5,6,85.71428571428571,0.7142857142857143
Chase Burns,Reds,8,1,7,87.5,0.125
Jordan Leasure,White Sox,1,1,0,0.0,1.0
Dietrich Enns,Tigers,2,5,1,50.0,2.5
Matt Waldron,Padres,1,0,1,100.0,0.0
Brennan Bernardino,Red Sox,1,0,1,100.0,0.0
Joey Cantillo,Guardians,6,7,3,50.0,1.1666666666666667
Justin Hagenman,Mets,1,2,0,0.0,2.0
Cole Sands,Twins,3,1,2,66.66666666666666,0.3333333333333333
Aaron Bummer,Braves,2,0,2,100.0,0.0
Shinnosuke Ogasawara,Nationals,2,0,2,100.0,0.0
Chris Devenski,Mets,1,0,1,100.0,0.0
Brandon Woodruff,Brewers,5,1,4,80.0,0.2
Anthony DeSclafani,D-backs,3,4,2,66.66666666666666,1.3333333333333333
David Morgan,Padres,1,1,0,0.0,1.0
Yu Darvish,Padres,6,3,4,66.66666666666666,0.5
Cam Schlittler,Yankees,4,3,2,50.0,0.75
Brandon Waddell,Mets,1,0,1,100.0,0.0
Chris Flexen,Cubs,1,0,1,100.0,0.0
Angel Zerpa,Royals,2,0,2,100.0,0.0
Davis Daniel,Braves,2,0,2,100.0,0.0
Ryan Zeferjahn,Angels,1,1,0,0.0,1.0
Sean Manaea,Mets,4,1,3,75.0,0.25
Ian Hamilton,Yankees,1,3,0,0.0,3.0
Joey Wentz,Braves,4,1,3,75.0,0.25
Ryan Brasier,Cubs,1,0,1,100.0,0.0
Rich Hill,Royals,2,0,2,100.0,0.0
Troy Melton,Tigers,2,1,1,50.0,0.5
Brock Burke,Angels,1,1,0,0.0,1.0
Matt Gage,Giants,1,0,1,100.0,0.0
Carson Whisenhunt,Giants,2,2,0,0.0,1.0
Pierson Ohl,Twins,2,0,2,100.0,0.0
Cooper Criswell,Red Sox,1,0,1,100.0,0.0
Kai-Wei Teng,Giants,1,3,0,0.0,3.0
Austin Cox,Braves,2,2,0,0.0,1.0
Luis Gil,Yankees,1,0,1,100.0,0.0
Jack Perkins,Athletics,1,0,1,100.0,0.0
Johan Oviedo,Pirates,1,2,0,0.0,2.0
Travis Adams,Twins,1,0,1,100.0,0.0
Steven Okert,Astros,1,0,1,100.0,0.0
Anthony Molina,Rockies,1,2,0,0.0,2.0
Cade Cavalli,Nationals,1,0,1,100.0,0.0
